Nome,Link,Price,Discount
Boquilla Dragado Tuberías Limpador De Alta Pressão 1/4 (médi,https://click1.mercadolivre.com.br/mclics/clicks/external/MLB/count?a=ImZ9MEO%2BdiLITCRLwKSiv01LYzVsIq80IhprqgrAtwBD%2BwMEPwy9ZizUe%2BDoQVX2A%2FzghHoboylsTufR0Juxw9VjxmkKoEWPPjVWAzTUxKNGEaHxBvWHzL7%2BWaAUN3gyYDHthHR6tNlH73asxyFFlZer5zuDLf08KMPfQQW%2B1p26yKawSDB5fUII4XdkHmP5QDmWWyZhaYKtThN%2Fi%2BNSn5ELqTJiN25wQNMcv%2BkdY7cqSJlOYNQqHcfnglk8g5CdL6W6DYM97QB8zLfIrNaqwlotWyxYGyd26ccpxzwDyafnEyUuY0JHiMTyHh8oO6hK3ve%2BnWwnbtvJiri2JzrJsZWQO2NassIHO8M6D4dqax13P6w20MHHFyExYaP79IZC3QwkO%2BXilIyFho8AHkfUrTcAYWJo0pcqx5ySyrv9Jffud8ehA0WCpIrDNCMPvnc4MCIDGN9hnyZ6yDP0iqJk%2FmIAJbDFNEpOq2j7VjjmlreA15AaziqBft4evDcDLB7FSAV%2Ft4pX9o8ccpUVJZnPax2Bdy2wV8OSSipTfiqlhtJYI5WqY6hf0AtBv630SPv4Lb%2F0%2Fpjnlu5MMAZ4RioX3AqFps%2FQXhHCtu7Vwk%2BycMql25GXFWICJe53o1NeF%2FKSiFp2uXsioOMcUA89FhvAg46krQNU4iae2IpOlm8XLrJTfyRHSh6v4MhfjsxhFb1GwWXkp5a3mVB88YKiIQ9keCPv8m0xSSzj&e=mclics%2Fgtins%2B17000%2Cmclics%2Fadvertising-results-augmenter-on%2B15098%2Cmclics%2Flax-top-domain%2B23442%2Cmclics%2Fsearch-list-ad-algorithm%2B16026%2Cmclics%2Frolling-layout%2B20432%2Cmclics%2Fshow-pads-search-list%2B5146%2Cmclics%2Fshow-pads-global%2B5176%2Cmclics%2Fpads-score-mla%2B17263&rb=x,124,0
Kit Disco Separadores Embreagem Softail / Dyna Ou Touring,https://produto.mercadolivre.com.br/MLB-1281625611-kit-disco-separadores-embreagem-softail-dyna-ou-touring-_JM#position=2&search_layout=stack&type=item&tracking_id=1aee6fb6-daf4-47c6-920e-50a48bc2d153,911,0
Boquilla Dragado Tuberías Limpador De Alta Pressão 1/4 (médi,https://produto.mercadolivre.com.br/MLB-3698466468-boquilla-dragado-tuberias-limpador-de-alta-presso-14-medi-_JM#position=3&search_layout=stack&type=item&tracking_id=1aee6fb6-daf4-47c6-920e-50a48bc2d153,124,0
Escape Drag Star 650 - 2003/2008 - 3 Corte Latera,https://produto.mercadolivre.com.br/MLB-1060983506-escape-drag-star-650-20032008-3-corte-latera-_JM#position=4&search_layout=stack&type=item&tracking_id=1aee6fb6-daf4-47c6-920e-50a48bc2d153,2.033,0
Escape Drag Star 650 - 2003/2005 - 3 Corte Lateral,https://produto.mercadolivre.com.br/MLB-1377136257-escape-drag-star-650-20032005-3-corte-lateral-_JM#position=5&search_layout=stack&type=item&tracking_id=1aee6fb6-daf4-47c6-920e-50a48bc2d153,2.046,0
Escape Drag Star 650 2003/2008 Corte Lateral Torbal Completo,https://produto.mercadolivre.com.br/MLB-1405556998-escape-drag-star-650-20032008-corte-lateral-torbal-completo-_JM#position=6&search_layout=stack&type=item&tracking_id=1aee6fb6-daf4-47c6-920e-50a48bc2d153,2.031,0
Escape Drag Star 650 2006/2008 Corte Lateral Torbal Completo,https://produto.mercadolivre.com.br/MLB-1393505950-escape-drag-star-650-20062008-corte-lateral-torbal-completo-_JM#position=7&search_layout=stack&type=item&tracking_id=1aee6fb6-daf4-47c6-920e-50a48bc2d153,2.046,0
Escape Drag Star 650 - 2006/2008 - 3 Corte Lateral - 66cm,https://produto.mercadolivre.com.br/MLB-1060980045-escape-drag-star-650-20062008-3-corte-lateral-66cm-_JM#position=8&search_layout=stack&type=item&tracking_id=1aee6fb6-daf4-47c6-920e-50a48bc2d153,2.034,0
Estator Drag Star 650 Xvs ( 97-04 ) Wortech + 1 Ano Garantia,https://click1.mercadolivre.com.br/mclics/clicks/external/MLB/count?a=PBDfR1838aDRQdLMpb1Pj2%2B4ZXbjO01XBybnScRbfKvqwY02mZI2HrJUqsMwo8rxsS1BGIzczDNsdyfLyhv2h8ddao5q2iMK62JHYxvOtGDZbKmtLLtDMU%2BpnT8iXfcDqmvlkKP%2F6hQY6LGTJ616SiP2qLF76NgaPa6JEhsknSvkPb5G3EbgLjXeJiNoLA3Rx5%2FkasVmUiEeJnPkPyrBHZmaSSc%2FJKYrq8W%2B%2FUVTuytNaff1lmV%2FetjmAN4VSJ2x5dp6It98PCrw1CwChSUtDSAREqb0TOT53hyRwPMKAUH0I03tJBcsYM%2FV2Zxs4BNN4soq9VPW%2FwlsUM4IPDVfGowcOTP%2FCIiHAD%2Fa8NmRJJ2FJ9JX5PZLxVGx5FnqK57aOyS41IXrQJtXHB%2BBrwKMxQ8e%2F%2FQenHNpnnuWQGFGgD6XtEa5bmbjktYPb9VAsgxBYRWJjLnfQ5XbHKe2Ijg7ptrOS0yhsSUdJUgTdVV93Uj%2F7WbX%2BYr3eGJm9%2FBdo66OUHDp6zeLiiOOEPvYgqjEa5woKASanZ2JCX4t0c3G93Ai3VpWwEhcU4hcm8yC8JqmHmsFplL8XqjyDCjURIqudddcMIumZKSoQfOqXdcYPXY7CPIwj0pu22m9L1sqOvZEiZIvLB%2FwjfCb%2Fqn3ZJr9WDoDD49y29yigTD%2Bxtgblr4joLPQnjWW3hgO%2BBlaPoSn1a4li1ZlwJO2txlUGqyYli2XCesf&e=mclics%2Fgtins%2B17000%2Cmclics%2Fadvertising-results-augmenter-on%2B15098%2Cmclics%2Flax-top-domain%2B23442%2Cmclics%2Fsearch-list-ad-algorithm%2B16026%2Cmclics%2Frolling-layout%2B20432%2Cmclics%2Fshow-pads-search-list%2B5146%2Cmclics%2Fshow-pads-global%2B5176%2Cmclics%2Fpads-score-mla%2B17263&rb=x,526,0
Fonte Carregador Para Acer Aspire Pa-1650-86 - 19v 3.42a,https://click1.mercadolivre.com.br/mclics/clicks/external/MLB/count?a=1p%2F%2F71%2B6Q1%2BcM8H%2FLprK8jbjxGXDL%2FA6hF3peel7W01py%2B4LlJERKFymyaD2o4jkDMsNItjs1f0GTQOgFGE3QEUbJAf4gd3cTA7BrT50Qf20T3Bzl3FEB4AtFUttW7Cf3UAhlQ0jrUMorlhveTpNiH%2FAWUv8q1QzKWsjCZ8tN1UezQmE6lXYeFcL%2FKxwuwj7vLQwnp%2BH%2BlYAFAGlfanxzJJYSFBd1rnj1WGkeNigclonOXCFoPUNdM6wTS0XWM5r3n9oZUakW7B%2F451nZQqnVGpEQ%2B3UTRu46UyVUeEIYd1txuly36UDoXRrWR9kvKAH3uT7eHZX7EAzVI5tL3Pk5OA9cV0KNjrYrgZkhK9yb6kA%2Fz085Ml4EkXc25yJcGNhduGlruiZSDtCoHzCrpZWxOGTr83tmkHL7Z22LboM%2BWZINonH3G%2FXBXtHx%2BN2ZJc8sZ1GYoSUdvG9b%2F9724NqRHGlZGsJEWWgMzvUY4OZRQKsMf9hh76iHsraZNxlkhFVzdRcalVo6aZg2hqFfI6THuZ5TNSOt32oLG4OCqe9kYytl05VYhk%2FAy9ssMfrxT%2BHsGOkWGf7aqYMtXFid0xGQpZ554qLzJ4hDh95s1gBTU1rW5spuXv4H3sqHKCzyKG2%2FM0KctzTchtFjCT%2F4gVyZsHvMlqQcjZfI%2FPZDrLnHueDKSTTuExHFl7oWg1ODZ4iyo4LRyRvjQV3Vd9Gp%2B6eeA18W%2FJnIQ%3D%3D&e=mclics%2Fgtins%2B17000%2Cmclics%2Fadvertising-results-augmenter-on%2B15098%2Cmclics%2Flax-top-domain%2B23442%2Cmclics%2Fsearch-list-ad-algorithm%2B16026%2Cmclics%2Frolling-layout%2B20432%2Cmclics%2Fshow-pads-search-list%2B5146%2Cmclics%2Fshow-pads-global%2B5176%2Cmclics%2Fpads-score-mla%2B17263&rb=x,48,14% OFF
Escape Drag Star 650 - 2006/2008 - 3 Corte Lateral - 66cm,https://produto.mercadolivre.com.br/MLB-3181547956-escape-drag-star-650-20062008-3-corte-lateral-66cm-_JM#position=11&search_layout=stack&type=item&tracking_id=1aee6fb6-daf4-47c6-920e-50a48bc2d153,2.002,0
Escape Drag Star 650 - 2003/2008 - 3 Corte Latera,https://produto.mercadolivre.com.br/MLB-3181452620-escape-drag-star-650-20032008-3-corte-latera-_JM#position=12&search_layout=stack&type=item&tracking_id=1aee6fb6-daf4-47c6-920e-50a48bc2d153,2.001,0
Escape Drag Star 650 2006/2008 Corte Lateral Torbal Completo,https://produto.mercadolivre.com.br/MLB-3181509955-escape-drag-star-650-20062008-corte-lateral-torbal-completo-_JM#position=13&search_layout=stack&type=item&tracking_id=1aee6fb6-daf4-47c6-920e-50a48bc2d153,2.014,0
Escape Drag Star 650 - 2003/2005 - 3 Corte Lateral,https://produto.mercadolivre.com.br/MLB-3181559961-escape-drag-star-650-20032005-3-corte-lateral-_JM#position=14&search_layout=stack&type=item&tracking_id=1aee6fb6-daf4-47c6-920e-50a48bc2d153,2.014,0
Escape Drag Star 650 2003/2008 Corte Lateral Torbal Completo,https://produto.mercadolivre.com.br/MLB-3181560409-escape-drag-star-650-20032008-corte-lateral-torbal-completo-_JM#position=15&search_layout=stack&type=item&tracking_id=1aee6fb6-daf4-47c6-920e-50a48bc2d153,2.000,0
Escape Drag Star 650cc 2 Fúria Lateral Torbal Ate 2005,https://produto.mercadolivre.com.br/MLB-1060983198-escape-drag-star-650cc-2-furia-lateral-torbal-ate-2005-_JM#position=16&search_layout=stack&type=item&tracking_id=1aee6fb6-daf4-47c6-920e-50a48bc2d153,2.048,0
Escape Drag Star 650cc 2 Fúria Lateral Torbal Ate 2005,https://produto.mercadolivre.com.br/MLB-3181529254-escape-drag-star-650cc-2-furia-lateral-torbal-ate-2005-_JM#position=17&search_layout=stack&type=item&tracking_id=1aee6fb6-daf4-47c6-920e-50a48bc2d153,2.016,0
Escape Drag Star 650 2006/2008 Corte Lateral Torbal Completo,https://produto.mercadolivre.com.br/MLB-3186054999-escape-drag-star-650-20062008-corte-lateral-torbal-completo-_JM#position=18&search_layout=stack&type=item&tracking_id=1aee6fb6-daf4-47c6-920e-50a48bc2d153,2.046,0
Teclado Notebook Acer Aspire Es15 Es1-572-3562 Abnt2 Com Ç,https://click1.mercadolivre.com.br/mclics/clicks/external/MLB/count?a=AWqgC0LTHA4rLQQDIDhRVVwSQWZaVrZudD6qgIhVRaXBfL9RvkuCX1hZ4mJQb2vM%2FD0%2FNjw9VLeaITCUDX99pUoyuQnBTwh6fvE%2FE9KR9uEsXLakRHtjeMBidfDGdMHL8p7e0ObAjbhSYL%2FG6f8DZM9JA5SdgFiyH%2BZ%2B%2BPh1xHbtmovi5R4EF9i8JWXRsx24LTF2Q4k1GXWY%2FYXk%2B93O5DZgctQC1ssHk%2Fqn413LvO7%2FyHjfxfyzkDkLJRlt3k2C0NU9Ixpxb6llcBkxBmY%2BHjMsDhufsnCY1CRdiYAxWUS0yB8jxWUqkHMo19XmVw%2BxsaUBMraJta62dfsg6pKPj8wONArIyZalvsg2BEpx9mJ6fUB2eSG%2FMzqkXSnK54wbg5fs4CGPNAktwsQjuBEKorOMtqreMXh3qCWjrOpUdarTKtOrh5bcrvDs9L2rFjNTYb0PYOPTUrx3kFPTM7pG5r4WY1PlU3r4yABfSYXPtcuCAq6Mu%2FkoRpADWZO0M2KZSEUNLDHXP0SOH8X%2Fp%2FBUELxAV%2Fm3AR15rnQJfcOIVORmydJPpUWHsltO7ucdNij6aPn2EAsynn4%2F5bDOIysFp%2B5JzNkW%2BAfyOT%2FyIoE8DgGG6ZWCgkwxdbRT1DQC8cgkQUQkCwPBNkb%2B5EZoWLNkshDA3q3gHHzr5Oyb2t9NuACbXsv6mUVv8hKDc%2Bhqy9olsNyxsBb1sUNW53YiN1E%2B4jL3aa2JTfAsXdGR&e=mclics%2Fgtins%2B17000%2Cmclics%2Fadvertising-results-augmenter-on%2B15098%2Cmclics%2Flax-top-domain%2B23442%2Cmclics%2Fsearch-list-ad-algorithm%2B16026%2Cmclics%2Frolling-layout%2B20432%2Cmclics%2Fshow-pads-search-list%2B5146%2Cmclics%2Fshow-pads-global%2B5176%2Cmclics%2Fpads-score-mla%2B17263&rb=x,83,20% OFF
Kit Weber 40 C10 C14 C15 6 Cil Gasolina 261 Ou 4300 Cc,https://click1.mercadolivre.com.br/mclics/clicks/external/MLB/count?a=kGAOmaE34FptZ0jRuKHf2vhdTlDkAWvG%2B8OVBYlTptxGuprbfEYbyC%2FWmoljkIF6O6I6cNx2Qv%2FMDnPby6VzHz333JPzPO0CTKXXWtzL3XMhGKe39JySo%2FbxkX4voke8RnVKqarg3ssaCiTXYAXRmfWt%2BZobk%2B4f3x8KXtHHsrwLVKE%2BDVOryZgZsBSj%2BNUXDYB4Xewo9S6HsoWvfldGXiFodBp2vzhpsrvytCc3Wam27TRVNFdM3k7ZKGgMRKYnAgNp8kVrjVM7Z6v%2FyocqcFfzT3JwCSFL6EvRGPZBGWi2C%2F3jQovTb1m1ouxONNERPFkLoUvfZm7OXhNpYjyLOcxem00dFTdbTNho2DIuODKcPTLbFnBC2858hfLB5%2B9leQKTcymFHG1Fee5tgFP%2FFGKc%2B4fFv54NfcMLF%2F6SVa290cvm4vsiakrTQWbjoFV3xfC7Z%2Btcv2ELxKz76YwC4XvLZIP6eWgCqC0L6V5JmIQirlzSWC6fpWxAuPn0hYgOxOBMHR25qFNLddBwWRuejs%2FQhRrf7s8SYUCbdwASKHbEqQjdhGQq5Ixr7IJKPF3PV%2BYVQycX%2FOvvk5%2FkPGmWoEMvCphcP7NUe0q0S8f3FRJe84X7R0RhVPdxC3ut7gojPY2WzquNdfthNmPVpIX0N7IemDFP0zTWsIvlkL%2Fo8nn8kxTbfZek%2FTVWCbYHwkMOiXP9oYptLMCulqX7U74GQoL4rlPf&e=mclics%2Fgtins%2B17000%2Cmclics%2Fadvertising-results-augmenter-on%2B15098%2Cmclics%2Flax-top-domain%2B23442%2Cmclics%2Fsearch-list-ad-algorithm%2B16026%2Cmclics%2Frolling-layout%2B20432%2Cmclics%2Fshow-pads-search-list%2B5146%2Cmclics%2Fshow-pads-global%2B5176%2Cmclics%2Fpads-score-mla%2B17263&rb=x,2.429,0
Escape Drag Star 650cc 2 Fúria Lateral Torbal Ate 2005,https://produto.mercadolivre.com.br/MLB-3186080217-escape-drag-star-650cc-2-furia-lateral-torbal-ate-2005-_JM#position=21&search_layout=stack&type=item&tracking_id=1aee6fb6-daf4-47c6-920e-50a48bc2d153,2.048,0
Raios Aro Dianteiro Drag Star 650 (kit C/ 3 Unid.),https://produto.mercadolivre.com.br/MLB-3337365982-raios-aro-dianteiro-drag-star-650-kit-c-3-unid-_JM#position=22&search_layout=stack&type=item&tracking_id=1aee6fb6-daf4-47c6-920e-50a48bc2d153,90,0
Noneca - Calcinha Aquendar Cirré - Trans Cds Travs Drags,https://produto.mercadolivre.com.br/MLB-1101023051-noneca-calcinha-aquendar-cirre-trans-cds-travs-drags-_JM#position=23&search_layout=stack&type=item&tracking_id=1aee6fb6-daf4-47c6-920e-50a48bc2d153,47,0
Bota Coturno Couro Acero Tiger Pro Militar Airsoft Palm Gel,https://produto.mercadolivre.com.br/MLB-994154667-bota-coturno-couro-acero-tiger-pro-militar-airsoft-palm-gel-_JM#position=24&search_layout=stack&type=item&tracking_id=1aee6fb6-daf4-47c6-920e-50a48bc2d153,399,0
Fonte Para Acer Aspire 3 A315-51 A315-53 19v 237a 45w Novo,https://produto.mercadolivre.com.br/MLB-1526156298-fonte-para-acer-aspire-3-a315-51-a315-53-19v-237a-45w-novo-_JM#position=25&search_layout=stack&type=item&tracking_id=1aee6fb6-daf4-47c6-920e-50a48bc2d153,59,6% OFF
Teclado Notebook Acer Aspire 5 A515-51 A515-51-51ux Br Com Ç,https://produto.mercadolivre.com.br/MLB-1262853345-teclado-notebook-acer-aspire-5-a515-51-a515-51-51ux-br-com-c-_JM#position=26&search_layout=stack&type=item&tracking_id=1aee6fb6-daf4-47c6-920e-50a48bc2d153,80,19% OFF
Tela 156 Slim 30 Pinos Fosca Nt156whm-n44 V08.0 B156xtn06.1,https://produto.mercadolivre.com.br/MLB-1477014279-tela-156-slim-30-pinos-fosca-nt156whm-n44-v080-b156xtn061-_JM#position=27&search_layout=stack&type=item&tracking_id=1aee6fb6-daf4-47c6-920e-50a48bc2d153,335,0
Fonte Carregador Notebook Acer E1-572-6_br648 F15 F5-573 65w,https://produto.mercadolivre.com.br/MLB-1551009757-fonte-carregador-notebook-acer-e1-572-6br648-f15-f5-573-65w-_JM#position=28&search_layout=stack&type=item&tracking_id=1aee6fb6-daf4-47c6-920e-50a48bc2d153,79,0
Teclado Para Notebook Acer Aspire Es1-572 Séries N16c1 Novo,https://produto.mercadolivre.com.br/MLB-1433313837-teclado-para-notebook-acer-aspire-es1-572-series-n16c1-novo-_JM#position=29&search_layout=stack&type=item&tracking_id=1aee6fb6-daf4-47c6-920e-50a48bc2d153,81,14% OFF
Junta Tampa Esquerda Estator Dragstar Drag Star Xvs 650,https://produto.mercadolivre.com.br/MLB-1211527749-junta-tampa-esquerda-estator-dragstar-drag-star-xvs-650-_JM#position=30&search_layout=stack&type=item&tracking_id=1aee6fb6-daf4-47c6-920e-50a48bc2d153,29,0
Junta Tampa Esquerda Estator Yamaha Virago Xvs 535,https://produto.mercadolivre.com.br/MLB-1351761896-junta-tampa-esquerda-estator-yamaha-virago-xvs-535-_JM#position=31&search_layout=stack&type=item&tracking_id=1aee6fb6-daf4-47c6-920e-50a48bc2d153,28,0
Tampa Cover Acer A515-51 15.6 Ap20x000121p73 Novo Cinza - Original,https://produto.mercadolivre.com.br/MLB-1297795469-tampa-cover-acer-a515-51-156-ap20x000121p73-novo-cinza-original-_JM#position=32&search_layout=stack&type=item&tracking_id=1aee6fb6-daf4-47c6-920e-50a48bc2d153,179,0
Tela 15.6 Led Slim 30 Pinos Acer Aspire E1-572 E1-532 Nova,https://produto.mercadolivre.com.br/MLB-718175021-tela-156-led-slim-30-pinos-acer-aspire-e1-572-e1-532-nova-_JM#position=33&search_layout=stack&type=item&tracking_id=1aee6fb6-daf4-47c6-920e-50a48bc2d153,344,0
Bomba Combustivel Gasolina Yamaha Drag Star 650 1999 À 2008,https://produto.mercadolivre.com.br/MLB-1210054590-bomba-combustivel-gasolina-yamaha-drag-star-650-1999-2008-_JM#position=34&search_layout=stack&type=item&tracking_id=1aee6fb6-daf4-47c6-920e-50a48bc2d153,129,0
Cassete K7 Shimano Hg41 8v 11/32 Acera Claris Alivio Speed,https://produto.mercadolivre.com.br/MLB-1029337843-cassete-k7-shimano-hg41-8v-1132-acera-claris-alivio-speed-_JM#position=35&search_layout=stack&type=item&tracking_id=1aee6fb6-daf4-47c6-920e-50a48bc2d153,122,16% OFF
Roldana Câmbio Shimano M430 Acera Alivio Deore Todos 9v 10v,https://produto.mercadolivre.com.br/MLB-1354754925-roldana-cmbio-shimano-m430-acera-alivio-deore-todos-9v-10v-_JM#position=36&search_layout=stack&type=item&tracking_id=1aee6fb6-daf4-47c6-920e-50a48bc2d153,43,17% OFF
Pastilha Freio Dianteiro Xvs 650 Drag Star 2000-2007 Potenza,https://produto.mercadolivre.com.br/MLB-1025050145-pastilha-freio-dianteiro-xvs-650-drag-star-2000-2007-potenza-_JM#position=37&search_layout=stack&type=item&tracking_id=1aee6fb6-daf4-47c6-920e-50a48bc2d153,129,0
Teclado Para Notebook Acer Aspire Es1-572 Séries N16c1 Novo,https://produto.mercadolivre.com.br/MLB-1433313806-teclado-para-notebook-acer-aspire-es1-572-series-n16c1-novo-_JM#position=38&search_layout=stack&type=item&tracking_id=1aee6fb6-daf4-47c6-920e-50a48bc2d153,58,22% OFF
Ventilador Axial Exaustor Ind 40cm 220v Premium Ventisol,https://produto.mercadolivre.com.br/MLB-997567198-ventilador-axial-exaustor-ind-40cm-220v-premium-ventisol-_JM#position=39&search_layout=stack&type=item&tracking_id=1aee6fb6-daf4-47c6-920e-50a48bc2d153,275,11% OFF
Harley Davidson | Par Lentes Seta 68973-00 Sporster 883,https://produto.mercadolivre.com.br/MLB-1048117114-harley-davidson-par-lentes-seta-68973-00-sporster-883-_JM#position=40&search_layout=stack&type=item&tracking_id=1aee6fb6-daf4-47c6-920e-50a48bc2d153,44,7% OFF
Suporte Placa Lateral Virago 250 535 Drag Star Xvs 950 Xv,https://produto.mercadolivre.com.br/MLB-1189475431-suporte-placa-lateral-virago-250-535-drag-star-xvs-950-xv-_JM#position=41&search_layout=stack&type=item&tracking_id=1aee6fb6-daf4-47c6-920e-50a48bc2d153,125,0
Teclado P/ Acer Aspire E15 E5-571-51af E5-571-32eg Br Com Ç,https://produto.mercadolivre.com.br/MLB-794178389-teclado-p-acer-aspire-e15-e5-571-51af-e5-571-32eg-br-com-c-_JM#position=42&search_layout=stack&type=item&tracking_id=1aee6fb6-daf4-47c6-920e-50a48bc2d153,81,18% OFF
Capa Case Maleta Para Notebook Dell / Sansung / Acer - Preto,https://produto.mercadolivre.com.br/MLB-1397108017-capa-case-maleta-para-notebook-dell-sansung-acer-preto-_JM#position=43&search_layout=stack&type=item&tracking_id=1aee6fb6-daf4-47c6-920e-50a48bc2d153,32,0
Estator Drag Star 650 Xvs ( 97-04 ) Wortech + 1 Ano Garantia,https://produto.mercadolivre.com.br/MLB-1014907964-estator-drag-star-650-xvs-97-04-wortech-1-ano-garantia-_JM#position=44&search_layout=stack&type=item&tracking_id=1aee6fb6-daf4-47c6-920e-50a48bc2d153,526,0
Teclado Notebook Acer Aspire 3 A315-53-52zz Novo Abnt2 Com Ç,https://produto.mercadolivre.com.br/MLB-1553079003-teclado-notebook-acer-aspire-3-a315-53-52zz-novo-abnt2-com-c-_JM#position=45&search_layout=stack&type=item&tracking_id=1aee6fb6-daf4-47c6-920e-50a48bc2d153,81,24% OFF
Teclado Notebook Acer Aspire Es15 Es1-572-3562 Abnt2 Com Ç,https://produto.mercadolivre.com.br/MLB-1247346919-teclado-notebook-acer-aspire-es15-es1-572-3562-abnt2-com-c-_JM#position=46&search_layout=stack&type=item&tracking_id=1aee6fb6-daf4-47c6-920e-50a48bc2d153,83,20% OFF
Bomba Combustivel Xvs Drag Star V Star 650 Virago Xv535,https://produto.mercadolivre.com.br/MLB-1210796534-bomba-combustivel-xvs-drag-star-v-star-650-virago-xv535-_JM#position=47&search_layout=stack&type=item&tracking_id=1aee6fb6-daf4-47c6-920e-50a48bc2d153,127,0
Válvula Line Lock Solenóide Trava De Freio Drag Race Turbo,https://produto.mercadolivre.com.br/MLB-938463210-valvula-line-lock-solenoide-trava-de-freio-drag-race-turbo-_JM#position=48&search_layout=stack&type=item&tracking_id=1aee6fb6-daf4-47c6-920e-50a48bc2d153,499,0
Teclado Acer Aspire E1-521 E1-531 E1-571 Original Br Com Ç,https://produto.mercadolivre.com.br/MLB-1147739391-teclado-acer-aspire-e1-521-e1-531-e1-571-original-br-com-c-_JM#position=49&search_layout=stack&type=item&tracking_id=1aee6fb6-daf4-47c6-920e-50a48bc2d153,49,0
Cassete K7 Shimano Altus Hg201 11/36 9v M2000 Acera Alívio,https://produto.mercadolivre.com.br/MLB-1355971135-cassete-k7-shimano-altus-hg201-1136-9v-m2000-acera-alivio-_JM#position=50&search_layout=stack&type=item&tracking_id=1aee6fb6-daf4-47c6-920e-50a48bc2d153,179,16% OFF
Coletor Admissão Drago Opala 6cc Weber Idf 40/44 C/ Aquecime,https://produto.mercadolivre.com.br/MLB-961733232-coletor-admisso-drago-opala-6cc-weber-idf-4044-c-aquecime-_JM#position=51&search_layout=stack&type=item&tracking_id=1aee6fb6-daf4-47c6-920e-50a48bc2d153,989,0
Molinete Rapala Long Beach 8000 7rol. Drag 15kg Peso-550gr,https://produto.mercadolivre.com.br/MLB-1522922342-molinete-rapala-long-beach-8000-7rol-drag-15kg-peso-550gr-_JM#position=52&search_layout=stack&type=item&tracking_id=1aee6fb6-daf4-47c6-920e-50a48bc2d153,690,0
Cassete K7 Shimano Altus Hg31 11-32 8v Acera Claris Speed,https://produto.mercadolivre.com.br/MLB-1071949566-cassete-k7-shimano-altus-hg31-11-32-8v-acera-claris-speed-_JM#position=53&search_layout=stack&type=item&tracking_id=1aee6fb6-daf4-47c6-920e-50a48bc2d153,115,13% OFF
Fonte Carregador Para Acer Aspire Pa-1650-86 - 19v 3.42a,https://produto.mercadolivre.com.br/MLB-1399095243-fonte-carregador-para-acer-aspire-pa-1650-86-19v-342a-_JM#position=54&search_layout=stack&type=item&tracking_id=1aee6fb6-daf4-47c6-920e-50a48bc2d153,48,14% OFF
Kit Coletor Admissão Drago Opala 6cc Weber Idf 40 +acionamen,https://produto.mercadolivre.com.br/MLB-1197365035-kit-coletor-admisso-drago-opala-6cc-weber-idf-40-acionamen-_JM#position=55&search_layout=stack&type=item&tracking_id=1aee6fb6-daf4-47c6-920e-50a48bc2d153,2.840,0
Teclado Para Notebook Acer Aspire Es1-572 Séries N16c1 Novo,https://click1.mercadolivre.com.br/mclics/clicks/external/MLB/count?a=yxWMgcclaoHnYwDkuxm30glix8J2ldmovCd%2Bg2%2FEiEo7vO66YcXQ8GjPIWvdNTBGhJ2yP1fVZVOuAzeHbAsNpsuuDD%2BIHWe%2FdxXmnixWxUtMKmMeo%2B%2FoaCn6M26o8fzlw5N0PfTowQtKwsQig1BJ8%2FHLYwCYaPFB6eo%2BHWBGSNa5sj613l12BLdr1mO4NTfbfIib2av%2F8i%2Bf1ulU%2FKkLRtSBZEtbRD%2FsviS3up%2F7YimZMds9v2ezUHkcTbyW9Y8pM%2F%2FAg1V7d6VgGUDowFCFJgW7BN0HcKN8CeLutjnz5LwI8%2BFOk6TzWu%2BLNyDGEGU4g1MFH%2BxFGTqfYn%2BBHVaBiNn4lHLfHRt3tkR9%2FUqe8GBOweK3Nt2u5cGggCHN%2FIimRt85fetiP5VuHj0vkkwM%2FQs9I3LzmhQeTnFk%2BUL%2Bs8PbCiDbHeEAap8hGGPj9eZuBgPOnSv4sKdb4u%2BBPRCoSKsaOOvsdz9IbHNwaP9b6%2FFeAgOkHhL80tY84bumb55%2B4y3L80lUobOpYi0TXXSR1f6jwCP%2B2BbUXdgcsYgxOeK8u4ApPABEqLne8jVlg6J%2BTFvMvGpyQM7dfPXG%2FAwG9UDJ1gwL6aYcFVqTWGHBOhnjbaR%2B%2BWm9lRQV68%2FMO%2FOy8tF20f781C5xyoZmEyrywu%2F3q9R1xm0sFQZnuOUPrZRydyts11cVn9ujCO9l3zp0d9R%2BCKgBNqHIPbsf77kAjgaw%2F2hF6ow8zSNeuA%3D%3D&e=mclics%2Fadvertising-results-augmenter-on%2B15098%2Cmclics%2Fgtins%2B17000%2Cmclics%2Fpseudo-search-pads-buybox%2B7708%2Cmclics%2Flax-top-domain%2B23442%2Cmclics%2Fsearch-list-ad-algorithm%2B16026%2Cmclics%2Frolling-layout%2B20432%2Cmclics%2Fshow-pads-search-list%2B5146%2Cmclics%2Fshow-pads-global%2B5176%2Cmclics%2Fpads-score-mla%2B17263&rb=x,81,14% OFF
Fonte Carregador Para Notebook Acer Aspire V3-571-6855,https://click1.mercadolivre.com.br/mclics/clicks/external/MLB/count?a=sgIVHDRudxBbbiLON9BeirzxNgQ26pBkxu1z0OVp8K89RtTr1iIbWom6334COGOClT4cMD6XUhBEgGEQ2LzIbTodULOZUx5EK3QoqivMtCzOifmX6u6%2FpePXlMfd9yCSej12MlKGyTsTK80%2F5gooRrw%2Fcz1E%2FyIadNqwk%2F%2Fk%2BZOeZ%2FHuWeOYg%2BcNpAjmlQPZuBzITE9MyuPjh8KOCJ3CKHA89NE3gAX76AP9EIKUMuI2jAK0zbslUl2jVC9X4RE3lnF19lYUxLaMWkTRgoUDoU3oL5SoFr1t6qHne7rT2W%2Fx0P7OugvZ8oVzg5FuRBtZ8TRcVHbYotn5Ep7Nl39LpVt0WRi5EKk5wXXOXdw%2FNkifSPq7oWnw0XQ9UC8l0KRfZtcWLRKPslUyb2Nb0SJptScgAPQ6fDLxqc6JzIHvcselsRwro4396UTUYI4kRlbuDhxozJ6%2F4jAQQ5nnSTCZmTfEaZ0PIvXNP%2FBNA47lMiB49sf9%2FLmRtiWtHA0ZlsZUZPnG2nNXmPwfe5tipNy01Ofc6sTXeVvUBuT8BjSOhM%2BT0MvfIe1RxGOWo%2FVwfsjhF%2F7q3t7sjESLfwfYy55oIo9wiDgAOcsVZ%2FB5%2BrQeajqb%2BxJynpp9s3iqs5E57c351fF8j0swc2juGu%2Blbz7P5Xp43u0t2WXb9AlOoCE8D7m5%2Ba1%2F1H08pmlkaN9gON4lf0bEi1dh4u%2FvL5vJGXGcmI0fEF%2BkKQ%3D%3D&e=mclics%2Fadvertising-results-augmenter-on%2B15098%2Cmclics%2Fgtins%2B17000%2Cmclics%2Fpseudo-search-pads-buybox%2B7708%2Cmclics%2Flax-top-domain%2B23442%2Cmclics%2Fsearch-list-ad-algorithm%2B16026%2Cmclics%2Frolling-layout%2B20432%2Cmclics%2Fshow-pads-search-list%2B5146%2Cmclics%2Fshow-pads-global%2B5176%2Cmclics%2Fpads-score-mla%2B17263&rb=x,45,18% OFF
Retentor De Bengala Yamaha Xvs 650 Drag Star 98-10 Ath 102,https://produto.mercadolivre.com.br/MLB-928819403-retentor-de-bengala-yamaha-xvs-650-drag-star-98-10-ath-102-_JM#position=4&search_layout=stack&type=item&tracking_id=0b41caa0-42ef-40a6-965a-84fd1c5a0299,59,0
Carcaça Tampa Da Tela + Par Dobradiças Acer A515-51 A515-51g,https://produto.mercadolivre.com.br/MLB-1468909782-carcaca-tampa-da-tela-par-dobradicas-acer-a515-51-a515-51g-_JM#position=5&search_layout=stack&type=item&tracking_id=0b41caa0-42ef-40a6-965a-84fd1c5a0299,305,28% OFF
Teclado Notebook Acer Aspire E1-571-6854 E1-571-6_br642,https://produto.mercadolivre.com.br/MLB-1147739488-teclado-notebook-acer-aspire-e1-571-6854-e1-571-6br642-_JM#position=6&search_layout=stack&type=item&tracking_id=0b41caa0-42ef-40a6-965a-84fd1c5a0299,49,0
Molinete Shimano Sedona 5000 Xg - Drag 11kg Rec. 6.2:1,https://produto.mercadolivre.com.br/MLB-1323227892-molinete-shimano-sedona-5000-xg-drag-11kg-rec-621-_JM#position=7&search_layout=stack&type=item&tracking_id=0b41caa0-42ef-40a6-965a-84fd1c5a0299,799,0
Coletor Dimensionado 6x2 Cromado Opala 6cc Tubos Interm. Aba,https://produto.mercadolivre.com.br/MLB-760179997-coletor-dimensionado-6x2-cromado-opala-6cc-tubos-interm-aba-_JM#position=8&search_layout=stack&type=item&tracking_id=0b41caa0-42ef-40a6-965a-84fd1c5a0299,1.998,0
Câmbio Traseiro Shimano Acera Rd M360 L Sgs Megarange 7v 8v,https://produto.mercadolivre.com.br/MLB-1066249455-cmbio-traseiro-shimano-acera-rd-m360-l-sgs-megarange-7v-8v-_JM#position=11&search_layout=stack&type=item&tracking_id=0b41caa0-42ef-40a6-965a-84fd1c5a0299,189,17% OFF
Ventilador Axial Exaustor Ind 40cm 220v Premium Ventisol,https://click1.mercadolivre.com.br/mclics/clicks/external/MLB/count?a=u7kvfq6r1%2FvJE7KGitW8UtJTrBVZtEkU4jnSQiUQjBCpBA5eubSscMIXTOz42GrvYRzzrcoo%2FsZrMKmug3j6D2RbI38y3N5KdsZadztkx2kb2DLuDf4QbAVa%2Fj2Lnzz7r6jANuptsWphK63BwPW1R3jBpuPe8p7gWYGANS%2FBfdENOJ%2F7gdmkBI3Q8ug%2FGtbsCV7OyPcZuOUdbTZ64%2Bw8Rkpm2AZneJ0R0Ki%2Be3OhBLet1sN9qXV3uAYKNdCoNIa1qOX8iF8Y0uC5EvK4nWSA2PkSxKCC0DUDFKdGJrY4sH9vA9fMETu59Jp2ydKjuNo4VSED3RZ0Zpk6%2BHCZcwwqFDl%2Bk9HKQRiruUou%2Ft3Oy4uBm74rWIguWdUsKYpuaEpnJYEaUDcyIpRY5nhgXxvjsAdKZU4kstbbUX2KoggKUsrK%2BPp%2FfTbzxWTux31arQM3HQ%2Bbrjj%2BU1T2czR6kDWZnK6rQTLQM1gfxICkQ5Cx93%2BDyP2HDw6D6%2FWU9q2Tgr6jJ0mMsentmQ5WnfHfAKzNmFaQeFVdnmP6YnONJfrKvw4qFIDbPGmpcxReBRg%2F86aqqBNnT%2BkknkCXz4a4z2V4soSNJxAEW2fSfdixUTEPbr86HB8Mjb9ia8X6ZiSHGe6IJGFIcFIrU8l98A4ZicRUe6byEVG%2Bm4jwjR2cQDKOMFQVf9Yyc2GOo1Yxad4kumGDlCi9TG9z%2FR%2FF0GTJcznabrfHVEEr9vaR&e=mclics%2Fadvertising-results-augmenter-on%2B15098%2Cmclics%2Fgtins%2B17000%2Cmclics%2Fpseudo-search-pads-buybox%2B7708%2Cmclics%2Flax-top-domain%2B23442%2Cmclics%2Fsearch-list-ad-algorithm%2B16026%2Cmclics%2Frolling-layout%2B20432%2Cmclics%2Fshow-pads-search-list%2B5146%2Cmclics%2Fshow-pads-global%2B5176%2Cmclics%2Fpads-score-mla%2B17263&rb=x,275,11% OFF
Teclado P/ Acer Aspire E15 E5-571-51af E5-571-32eg Br Com Ç,https://click1.mercadolivre.com.br/mclics/clicks/external/MLB/count?a=lrOB8eCnH4Ph2va%2BqYnmXX6LJ5VH%2BwsvFIk%2F68Z5MxNQamOXN72uY1SP6fWuzVB0DeRXR7TPmmDbw1OrijP1KoEHJeI6h5iOfhePnE9z7QVnCUlbva3Xi0D9s8tU8BpszCNA7lGNTLJoHTpO%2Bj8OyDUbt6XUguwiSvtSxuNu5QI7ebeGVKRKMdfD2DKqWNqBMR4RfzJjwizdh1UzfMZaLO3jY3onbFWUhPFfld1SxCczYK%2BbFNuJoWTBDwXiEEmEmmHOCJTwI0IvOp2yTHUMfA17C5Rup0u6UfUcSMMJZnz9FbTcltSZZwAEdGoSBkiqNkYL6cX10jj3S3r92ru7GAyC4WEFg04%2BctNDolzLcekAF2ApZyRFFgeUmtEGFvrAL1lBinzPSLpGVG4BH%2Bhp5YdlUH2QPUErM8rg4LRnVcjZLFRnlYDumPRuxyrAll%2FOksJuqfMOTIq0cNTJNx4d64%2B2%2BxuSYtNENvKz9MMFdiH4RPL1pE%2FqpCcXqKNOOR%2BSwYvW8U8gI3XaIFZmFxnXnQIciC8ED%2BDA0yrHUhXkgaoZKFBR4vtqOkIP6DtLSXkOjTo%2BCTCt9SfINtsYqXtCmBYaJqf7dJLQz3J9KnbAJsWoDUie0pX3YF1Ahw9jLZM2UD6sG8H2blsepkm1wWOKXevoPuHO6TD938wK%2FxRN5YaEvEc9XiGjrHx0bPirkVf2blc6Zd%2BL7Z1sYPwt%2FHKyU98LFn4D9QaazI9exQ%3D%3D&e=mclics%2Fadvertising-results-augmenter-on%2B15098%2Cmclics%2Fgtins%2B17000%2Cmclics%2Fpseudo-search-pads-buybox%2B7708%2Cmclics%2Flax-top-domain%2B23442%2Cmclics%2Fsearch-list-ad-algorithm%2B16026%2Cmclics%2Frolling-layout%2B20432%2Cmclics%2Fshow-pads-search-list%2B5146%2Cmclics%2Fshow-pads-global%2B5176%2Cmclics%2Fpads-score-mla%2B17263&rb=x,81,18% OFF
Teclado Original Acer E1 421 431 471 Mp-09g46pa-9204 Zqz Br,https://produto.mercadolivre.com.br/MLB-1029005318-teclado-original-acer-e1-421-431-471-mp-09g46pa-9204-zqz-br-_JM#position=12&search_layout=stack&type=item&tracking_id=0b41caa0-42ef-40a6-965a-84fd1c5a0299,51,0
Chocolate Ao Leite Dragee Uva Passa 500g Pronta Entrega,https://produto.mercadolivre.com.br/MLB-1390228024-chocolate-ao-leite-dragee-uva-passa-500g-pronta-entrega-_JM#position=13&search_layout=stack&type=item&tracking_id=0b41caa0-42ef-40a6-965a-84fd1c5a0299,48,0
Carretilha Marine Sports Titan Pro 12000 Big Game Drag 12kg,https://produto.mercadolivre.com.br/MLB-1276111320-carretilha-marine-sports-titan-pro-12000-big-game-drag-12kg-_JM#position=14&search_layout=stack&type=item&tracking_id=0b41caa0-42ef-40a6-965a-84fd1c5a0299,829,0
Suporte De Parede Compatível Com Tablet iPad Apple Samsung,https://produto.mercadolivre.com.br/MLB-1300750337-suporte-de-parede-compativel-com-tablet-ipad-apple-samsung-_JM#position=15&search_layout=stack&type=item&tracking_id=0b41caa0-42ef-40a6-965a-84fd1c5a0299,22,8% OFF
Teclado Notebook Acer Aspire E1-572-6_br691 E1-572-6_br648,https://produto.mercadolivre.com.br/MLB-760976171-teclado-notebook-acer-aspire-e1-572-6br691-e1-572-6br648-_JM#position=16&search_layout=stack&type=item&tracking_id=0b41caa0-42ef-40a6-965a-84fd1c5a0299,79,12% OFF
Tripé Benro Vídeo Kh25n 155m Cabeça Hidráulica Kh25 P/ 5kg,https://produto.mercadolivre.com.br/MLB-1408526484-tripe-benro-video-kh25n-155m-cabeca-hidraulica-kh25-p-5kg-_JM#position=17&search_layout=stack&type=item&tracking_id=0b41caa0-42ef-40a6-965a-84fd1c5a0299,1.194,8% OFF
Kit Retentor Pó Bengala Par Xvs 650 Drag Star 1997 A 2008,https://produto.mercadolivre.com.br/MLB-1290894076-kit-retentor-po-bengala-par-xvs-650-drag-star-1997-a-2008-_JM#position=18&search_layout=stack&type=item&tracking_id=0b41caa0-42ef-40a6-965a-84fd1c5a0299,106,0
Teclado P/ Acer Aspire E1-531-2308 E1 531 2633 E1-571-6422,https://produto.mercadolivre.com.br/MLB-892681823-teclado-p-acer-aspire-e1-531-2308-e1-531-2633-e1-571-6422-_JM#position=21&search_layout=stack&type=item&tracking_id=0b41caa0-42ef-40a6-965a-84fd1c5a0299,48,0
Fonte Para Acer Aspire 3 A315-51 A315-53 19v 237a 45w Novo,https://click1.mercadolivre.com.br/mclics/clicks/external/MLB/count?a=i%2FfhRCBnMYxAaKp54%2FGCfex%2BNTjRoRxJC74Cr5L3%2F52Qp%2ByzbGSf7nRVWLsHcX4Kv77qH3ltSqH%2BOhjaAzDKuSmfhKepANfT8Vw%2B%2BDmrj8eNydNrDdeTBx7HUjtL%2F4Wgsvr6SWgyvj2kCSMFXgwGhASAC8ZxmhCpbxB33O%2F1%2FjggEB8qF5zU0gNwAZUvRBu%2F6ekKuIALuo8wFCTkJWkzPp%2Flfh1Vbo%2FYW2CA%2BCxHdoI%2FcvjWX%2FxjFDzQzXkMuhVVMtju%2BzUjeybviEWF%2BfpsmexOEBMgfHABt9k%2Fbk8qhrfgdZzV42soZJdpdgRtwPVzvQBwsDyX3i6%2B5FwQe06uXnuMCFW%2BvkGaivM0ZC13RnrhWD3oJGXzudHJead%2BF7TrEd8uS4JVDVG35fTR%2F0ot7tImyo2i1%2FQzN8j5namsXmwlGh3jzPkSOwGpH3lEGWyW%2FuUj8p1onD5Z%2Fu3%2FNHHKH0nv9Gxq6aiCqy5%2F0iNraYeipx%2BGy3Z4AMzbWRNN0og7tF%2FGbXahliskSLDjNwH%2BMd9qfDAnsxNwmK3zvTWt%2BWItA3VBOrsplUscECnmuUahbcQVnGpwcVkYO63VJgcUN0QniJd0kP2uofFZDp%2FLUkSEwsgmEmoIG2YmcDYlOQPlDWBjXs2auvswO8j2CI4Kj7TkR03zcrFJb0NhXggnkwuuatE69Z5Rg9OKFAI6wWenF5duJk0LNLGIV58jqGeSQCjw3HyekVc2qKw8EkOz&e=mclics%2Fadvertising-results-augmenter-on%2B15098%2Cmclics%2Fgtins%2B17000%2Cmclics%2Fpseudo-search-pads-buybox%2B7708%2Cmclics%2Flax-top-domain%2B23442%2Cmclics%2Fsearch-list-ad-algorithm%2B16026%2Cmclics%2Frolling-layout%2B20432%2Cmclics%2Fshow-pads-search-list%2B5146%2Cmclics%2Fshow-pads-global%2B5176%2Cmclics%2Fpads-score-mla%2B17263&rb=x,59,6% OFF
Teclado Notebook Acer Aspire E1-572-6_br691 E1-572-6_br648,https://click1.mercadolivre.com.br/mclics/clicks/external/MLB/count?a=cVtMOU2EFJ%2BLgcFvKkO%2B0sVYP0cVZANBinMEtSVWXj%2FDEtphGhRN%2FwEtE1QWAYAYMfFnw4E%2B5sx8agvj3dKyzT1fJZP6ZqBD1Md%2BLcStfb%2Fe53VQ3XNUjwnXCrQty0nwuwxGGCSBpDp2zQHdhI4wZuI5JYvj30hEFPQvua9yU0Z1pnWhBeSG31oBF6vLxJSBqse795XQ%2BHub65Ou%2FObxNpd%2FuN2DB9NCYmVyIINtzd0KZGAHoxBVlq5e5A9fTeO6ciKFFDb7%2FnkBZbYpalUQKCkwzMgPHAr%2FxhEeb3A3s0%2FYqGpA%2BkXyBoEPUJ2TWcCI%2FVabj%2BPmzwnpSf50qiR4JI3V5vTyN4c%2FpHvqNG87P4NUqdYDKwZN5xzivmMe0ivy6SyYkioikqB3bw2x1odqR2jUrObDmvB%2BDfwNK9aVFbpMaSpCvMYkhngY5uOMPKW7Afe7CbAZGTh6Hmj6RarzQW5H0lPesyeCVuY1MYX5%2B299thdlBLLDxTF4utqPFZ2RlaXzj2iqAH7OncY8LMlt7eZe8qMFoyhtknGk8CdSBf3imsqGUfvWVjvSsTs6C6ekCVxtrjHuEg3lAeTTpVdS2xUzNRYwElAdurPHvfWVxlVa%2Fa%2FGSYQZalys1D7WWegocdKM4vWUEpkXAPU05jY2V7bO5LRYExr3rfViu7%2BRjiF6qZlaX0tY0h4JJHiksmeQsJ0HT2gyBvSxVMNmPQBu%2BN7EFH3uGW4scQ%3D%3D&e=mclics%2Fadvertising-results-augmenter-on%2B15098%2Cmclics%2Fgtins%2B17000%2Cmclics%2Fpseudo-search-pads-buybox%2B7708%2Cmclics%2Flax-top-domain%2B23442%2Cmclics%2Fsearch-list-ad-algorithm%2B16026%2Cmclics%2Frolling-layout%2B20432%2Cmclics%2Fshow-pads-search-list%2B5146%2Cmclics%2Fshow-pads-global%2B5176%2Cmclics%2Fpads-score-mla%2B17263&rb=x,79,12% OFF
Cabo De Força Notebook Tripolar Fonte Dell Sony Acer Hp,https://produto.mercadolivre.com.br/MLB-1272772475-cabo-de-forca-notebook-tripolar-fonte-dell-sony-acer-hp-_JM#position=22&search_layout=stack&type=item&tracking_id=0b41caa0-42ef-40a6-965a-84fd1c5a0299,12,0
Pneu Traseiro Honda Shadow 170/80-15 83h Yamaha Drag Star,https://produto.mercadolivre.com.br/MLB-1222770023-pneu-traseiro-honda-shadow-17080-15-83h-yamaha-drag-star-_JM#position=23&search_layout=stack&type=item&tracking_id=0b41caa0-42ef-40a6-965a-84fd1c5a0299,869,0
Protetor Poeira Do Cardan Drag Star Xvs 650 Original Yamaha,https://produto.mercadolivre.com.br/MLB-1547649979-protetor-poeira-do-cardan-drag-star-xvs-650-original-yamaha-_JM#position=24&search_layout=stack&type=item&tracking_id=0b41caa0-42ef-40a6-965a-84fd1c5a0299,192,0
Noneca - Calcinha Aquendar Vinil - Trans Cds Travs Drags,https://produto.mercadolivre.com.br/MLB-1101016456-noneca-calcinha-aquendar-vinil-trans-cds-travs-drags-_JM#position=25&search_layout=stack&type=item&tracking_id=0b41caa0-42ef-40a6-965a-84fd1c5a0299,48,0
Noneca - Calcinha Aquendar Suplex - Trans Travs Drags Cds,https://produto.mercadolivre.com.br/MLB-1101022801-noneca-calcinha-aquendar-suplex-trans-travs-drags-cds-_JM#position=26&search_layout=stack&type=item&tracking_id=0b41caa0-42ef-40a6-965a-84fd1c5a0299,43,0
Coturno Bota Militar Tática Airsoft Policial Acero Tiger Pró,https://produto.mercadolivre.com.br/MLB-780782425-coturno-bota-militar-tatica-airsoft-policial-acero-tiger-pro-_JM#position=27&search_layout=stack&type=item&tracking_id=0b41caa0-42ef-40a6-965a-84fd1c5a0299,399,0
Teclado Acer Aspire 3 A315-33-c39f - Br Novo Pronta Entrega,https://produto.mercadolivre.com.br/MLB-1461461127-teclado-acer-aspire-3-a315-33-c39f-br-novo-pronta-entrega-_JM#position=28&search_layout=stack&type=item&tracking_id=0b41caa0-42ef-40a6-965a-84fd1c5a0299,58,22% OFF
Pneu Tras. 170/80-15 Metzeler Me888 Shadow 600 Drag Star 650,https://produto.mercadolivre.com.br/MLB-997175634-pneu-tras-17080-15-metzeler-me888-shadow-600-drag-star-650-_JM#position=29&search_layout=stack&type=item&tracking_id=0b41caa0-42ef-40a6-965a-84fd1c5a0299,1.766,0
Junta Tampa Da Embreagem Virago 535 Drag Star 650 4vr1546100,https://produto.mercadolivre.com.br/MLB-926100220-junta-tampa-da-embreagem-virago-535-drag-star-650-4vr1546100-_JM#position=30&search_layout=stack&type=item&tracking_id=0b41caa0-42ef-40a6-965a-84fd1c5a0299,40,0
Adaptador Dvd Caddy Segundo Hd Ssd Note Dell Acer Sti 95mm,https://produto.mercadolivre.com.br/MLB-892257412-adaptador-dvd-caddy-segundo-hd-ssd-note-dell-acer-sti-95mm-_JM#position=31&search_layout=stack&type=item&tracking_id=0b41caa0-42ef-40a6-965a-84fd1c5a0299,16,0
Teclado Acer Aspire 5250 5252 5253 5333 5336 5350 5553 5750,https://produto.mercadolivre.com.br/MLB-789764941-teclado-acer-aspire-5250-5252-5253-5333-5336-5350-5553-5750-_JM#position=32&search_layout=stack&type=item&tracking_id=0b41caa0-42ef-40a6-965a-84fd1c5a0299,44,0
Pastilha Freio Dianteira Dragstar Drag Star 650 Potenza 171,https://produto.mercadolivre.com.br/MLB-715561925-pastilha-freio-dianteira-dragstar-drag-star-650-potenza-171-_JM#position=33&search_layout=stack&type=item&tracking_id=0b41caa0-42ef-40a6-965a-84fd1c5a0299,149,0
Pneu Shadow Drag M800 170/80-15 Me888r Metzeler Traseiro,https://produto.mercadolivre.com.br/MLB-1142026626-pneu-shadow-drag-m800-17080-15-me888r-metzeler-traseiro-_JM#position=34&search_layout=stack&type=item&tracking_id=0b41caa0-42ef-40a6-965a-84fd1c5a0299,1.766,0
Fonte Carregador Para Notebook Acer Aspire - 19v 3.42a - 65w,https://produto.mercadolivre.com.br/MLB-871339582-fonte-carregador-para-notebook-acer-aspire-19v-342a-65w-_JM#position=35&search_layout=stack&type=item&tracking_id=0b41caa0-42ef-40a6-965a-84fd1c5a0299,58,0
Fonte Carregador Para Notebook Acer Aspire V3-571-6855,https://produto.mercadolivre.com.br/MLB-1182342898-fonte-carregador-para-notebook-acer-aspire-v3-571-6855-_JM#position=36&search_layout=stack&type=item&tracking_id=0b41caa0-42ef-40a6-965a-84fd1c5a0299,45,18% OFF
Protetor De Impacto Garagem Parachoque Drago Octógono,https://produto.mercadolivre.com.br/MLB-1509364270-protetor-de-impacto-garagem-parachoque-drago-octogono-_JM#position=37&search_layout=stack&type=item&tracking_id=0b41caa0-42ef-40a6-965a-84fd1c5a0299,28,0
Manete Embreagem Xvs650 V-star Custom Drag Star #1654,https://produto.mercadolivre.com.br/MLB-770705454-manete-embreagem-xvs650-v-star-custom-drag-star-1654-_JM#position=38&search_layout=stack&type=item&tracking_id=0b41caa0-42ef-40a6-965a-84fd1c5a0299,101,10% OFF
Par Dobradiças Acer Aspire F5-573 F5-573g E5-575 E5-553 Nova,https://produto.mercadolivre.com.br/MLB-1155026385-par-dobradicas-acer-aspire-f5-573-f5-573g-e5-575-e5-553-nova-_JM#position=39&search_layout=stack&type=item&tracking_id=0b41caa0-42ef-40a6-965a-84fd1c5a0299,40,36% OFF
Teclado Para Acer Aspire Es15 Es1-533-c27u Abnt2 Com Ç Preto,https://produto.mercadolivre.com.br/MLB-1248372835-teclado-para-acer-aspire-es15-es1-533-c27u-abnt2-com-c-preto-_JM#position=40&search_layout=stack&type=item&tracking_id=0b41caa0-42ef-40a6-965a-84fd1c5a0299,77,12% OFF
Molinete Pesca Long Cast Maruri Gh 6000 Plus Drag: 14kg,https://produto.mercadolivre.com.br/MLB-766916773-molinete-pesca-long-cast-maruri-gh-6000-plus-drag-14kg-_JM#position=41&search_layout=stack&type=item&tracking_id=0b41caa0-42ef-40a6-965a-84fd1c5a0299,297,0
Choco Power Ball Cereal Drageado Chocolate Mavalério 500g,https://produto.mercadolivre.com.br/MLB-1381727649-choco-power-ball-cereal-drageado-chocolate-mavalerio-500g-_JM#position=42&search_layout=stack&type=item&tracking_id=0b41caa0-42ef-40a6-965a-84fd1c5a0299,27,0
Teclado Para Acer Aspire Es15 Es1-572-36fv Abnt2 Com Ç Preto,https://produto.mercadolivre.com.br/MLB-1248338542-teclado-para-acer-aspire-es15-es1-572-36fv-abnt2-com-c-preto-_JM#position=43&search_layout=stack&type=item&tracking_id=0b41caa0-42ef-40a6-965a-84fd1c5a0299,57,12% OFF
Teclado Acer Aspire 3 A315-53 Séries Modelo N17c4 Ç Novo,https://produto.mercadolivre.com.br/MLB-1433308944-teclado-acer-aspire-3-a315-53-series-modelo-n17c4-c-novo-_JM#position=44&search_layout=stack&type=item&tracking_id=0b41caa0-42ef-40a6-965a-84fd1c5a0299,58,22% OFF
Vela Ngk Dpr7ea9 Drag Star 650/boulevard M800 - Par,https://produto.mercadolivre.com.br/MLB-673901409-vela-ngk-dpr7ea9-drag-star-650boulevard-m800-par-_JM#position=45&search_layout=stack&type=item&tracking_id=0b41caa0-42ef-40a6-965a-84fd1c5a0299,65,0
Junta Tampa Esquerda Estator Dragstar Drag Star Xvs 650,https://produto.mercadolivre.com.br/MLB-1201850424-junta-tampa-esquerda-estator-dragstar-drag-star-xvs-650-_JM#position=46&search_layout=stack&type=item&tracking_id=0b41caa0-42ef-40a6-965a-84fd1c5a0299,28,0
Tela Notebook Acer Aspire 5 A515-51 - 15.6 Led Slim,https://produto.mercadolivre.com.br/MLB-1307933216-tela-notebook-acer-aspire-5-a515-51-156-led-slim-_JM#position=47&search_layout=stack&type=item&tracking_id=0b41caa0-42ef-40a6-965a-84fd1c5a0299,329,0
Teclado Notebook Acer 4339 4349 4736 4739 4749 Br,https://produto.mercadolivre.com.br/MLB-1029010395-teclado-notebook-acer-4339-4349-4736-4739-4749-br-_JM#position=48&search_layout=stack&type=item&tracking_id=0b41caa0-42ef-40a6-965a-84fd1c5a0299,52,0
Chocolate Ao Leite Dragee Castanha De Caju 500g Pronta Ent,https://produto.mercadolivre.com.br/MLB-1390229328-chocolate-ao-leite-dragee-castanha-de-caju-500g-pronta-ent-_JM#position=49&search_layout=stack&type=item&tracking_id=0b41caa0-42ef-40a6-965a-84fd1c5a0299,61,0
Kit Weber 40 C10 C14 C15 6 Cil Gasolina 261 Ou 4300 Cc,https://produto.mercadolivre.com.br/MLB-998064870-kit-weber-40-c10-c14-c15-6-cil-gasolina-261-ou-4300-cc-_JM#position=50&search_layout=stack&type=item&tracking_id=0b41caa0-42ef-40a6-965a-84fd1c5a0299,2.429,0
50 Agulhas Dcx27 B27 Overloque Ou Interloque Industrial,https://produto.mercadolivre.com.br/MLB-1244284455-50-agulhas-dcx27-b27-overloque-ou-interloque-industrial-_JM#position=51&search_layout=stack&type=item&tracking_id=0b41caa0-42ef-40a6-965a-84fd1c5a0299,34,0
Bota Motociclista Motors Couro Acero Speed Cano Alto Track,https://produto.mercadolivre.com.br/MLB-866088987-bota-motociclista-motors-couro-acero-speed-cano-alto-track-_JM#position=52&search_layout=stack&type=item&tracking_id=0b41caa0-42ef-40a6-965a-84fd1c5a0299,329,0
Bobina De Pulso + Junta Dragstar Drag Star Xvs 650 (05-08),https://produto.mercadolivre.com.br/MLB-802976006-bobina-de-pulso-junta-dragstar-drag-star-xvs-650-05-08-_JM#position=53&search_layout=stack&type=item&tracking_id=0b41caa0-42ef-40a6-965a-84fd1c5a0299,187,0
Ponteira Escapamento Universal Grs Racing Drag Street Bike,https://produto.mercadolivre.com.br/MLB-1266577654-ponteira-escapamento-universal-grs-racing-drag-street-bike-_JM#position=54&search_layout=stack&type=item&tracking_id=0b41caa0-42ef-40a6-965a-84fd1c5a0299,789,0
"Monitor Acer V6 V206HQL UM.IV6AA.A02 led 19.5"" preto 100V/240V",https://www.mercadolivre.com.br/monitor-acer-v6-v206hql-umiv6aaa02-led-195-preto-100v240v/p/MLB15118139#searchVariation=MLB15118139&position=3&search_layout=stack&type=product&tracking_id=0b41caa0-42ef-40a6-965a-84fd1c5a0299,460,0
Fonte Carregador Notebook Acer Aspire 5733z 5750 5250 5551,https://produto.mercadolivre.com.br/MLB-871345382-fonte-carregador-notebook-acer-aspire-5733z-5750-5250-5551-_JM#position=55&search_layout=stack&type=item&tracking_id=0b41caa0-42ef-40a6-965a-84fd1c5a0299,58,0
Junta Guarnição Cuba Boia Yamaha Drag Star 650 Virago 250,https://produto.mercadolivre.com.br/MLB-781346778-junta-guarnico-cuba-boia-yamaha-drag-star-650-virago-250-_JM#position=56&search_layout=stack&type=item&tracking_id=0b41caa0-42ef-40a6-965a-84fd1c5a0299,25,0
Ventilador Axial Exaustor Ind 40cm 220v Premium Ventisol,https://click1.mercadolivre.com.br/mclics/clicks/external/MLB/count?a=z6q5C2pdhw3ZV9mjxgG02NYir9sAViJAMGc8nQiTrqvr9OMYGCelR2M7B5Je2n78AMsxFWvvwi%2FUe0oUAmMnwoBX1xHz%2FX5qImL5V6YXYk5A4IhI9fFvrM6mwGKwswQhBNSEDImboJSsDCEHlr86QZT5gdBBGRrZgMeDtiVbhnQZYl4KCvwl%2BP54LfJU7gz2cQbO2kO907%2BEzSOptVZiFkgXiJehhpA%2FxjewbFsiM72k7SoBz9i1iNcqbJ%2Flm2k%2FbFkHUZFWFxiggBKhzBl8yvflX9AQaowxOYwIqU7bSaPgtbs5XckNL12DRjhI%2BXxE4ZaPAFQAuf6Ra%2BAZSIurwA0amx6XY0rrcAo42Egs52m6RpFL6lWLA3NRTUrh1AM2c83XfE%2BcCsyR66n%2BaH8eQOPAz2t%2Bo4IG%2FiDgmonTsGSDQvmJMpGYK0xXSo7VQGosLBLsvQPaePdKMA6O8u9QAiIZ9J%2Bm3E2P%2BSUoTs2D%2BRo5V%2FK9A7l1D5LZ1g5F98EqXDcGFPnvKt5aQfw4x2kBr3%2FVV%2BGXqByTbYs5OXDVK23NL%2Fe%2BGpvtMHYR2a8lxWK1BWSUuXEVs4d0egxBHzKyg9kLAu6TsZO3fmwylbbMvzIhqdBw5xLSeTcbsH0LarIfBOwYeKIZl%2F5FrZ%2FQgXg2wDH69oCPO%2BKKyhJJIy7S57%2BWbyJLQL745tTpy0RVfLoo8sWDNNmMxcwRQohHW0DnBhkIVn%2BdqQ%3D%3D&e=mclics%2Fadvertising-results-augmenter-on%2B15098%2Cmclics%2Fgtins%2B17000%2Cmclics%2Flax-top-domain%2B23442%2Cmclics%2Fsearch-list-ad-algorithm%2B16026%2Cmclics%2Frolling-layout%2B20432%2Cmclics%2Fshow-pads-search-list%2B5146%2Cmclics%2Fshow-pads-global%2B5176%2Cmclics%2Fpads-score-mla%2B17263&rb=x,275,11% OFF
Bota Motociclista Motors Couro Acero Speed Cano Alto Track,https://click1.mercadolivre.com.br/mclics/clicks/external/MLB/count?a=WyQ9NpvqukspHFH%2Fu%2FolrUnrHBdPWcf335wWv3Tzu5boKS7P1wCo9Jxe64a6TfOEKVc4U%2FRGCucTduWuTyPGsJxiAQzDtHTj2bo99r4PWCb24Umm%2FuNqgp0ddX2lmydPSMrjObaTx16OWJQnF%2BAe4s6kmXW5XAvgM%2BdoNU%2FBQMg05%2BNjFsfGgPX2KmP5sfXh6P%2FdbfLxh9rdO2gk8D8aYuM8uWT%2B6EtiW%2Fjxo0oeKmNXifMDhzi%2Fzwj77Z%2Beic6y074l72%2FqNgHXgyqdwZYCbrWX%2FD0BRwM3DpKalNANbD9rNay%2FP9akp5ish1eK3229FVef87ODGjHFRi7Fr2BVwbejem6PCcT2LOi6UHnd7jf%2BvHPzk2Ok3EgjvrAeB4pg7bkdcwRSemodWwjjOoJWAia6ZuogITtn8u6RB9jVTNMVgj5TY90LMZKBXpdqiGPBtC6RBTkicB%2FlkKVRZj5H%2BYPfRSF9z7N2CUqaUBuFvULgTjl1FLGljXcwxdGrvZND00avAjgelW66SWy%2FiszEboX04LBicXLC3LlMEUmt%2BCwdQZ2vjTI8bnmGvaeOXithIkoXL2pBjXpty6NyqdNitLK1uCleJFLaY1qeVFQwCLYhJ68cCHfEDAM3mgIFVypeZEBCknWcORjLK9x59E6tMXLAhy82fiMEEedB2HgF9XhKhnrSbM%2FHezUQeqoTS%2FdwEu76mDWJPvkNYMW1rYQvMk5sbl4o%2FAr6ScA%3D&e=mclics%2Fadvertising-results-augmenter-on%2B15098%2Cmclics%2Fgtins%2B17000%2Cmclics%2Flax-top-domain%2B23442%2Cmclics%2Fsearch-list-ad-algorithm%2B16026%2Cmclics%2Frolling-layout%2B20432%2Cmclics%2Fshow-pads-search-list%2B5146%2Cmclics%2Fshow-pads-global%2B5176%2Cmclics%2Fpads-score-mla%2B17263&rb=x,329,0
Molinete Shimano New Fx 1000 Fc Drag 30kg - Lançamento 2020,https://produto.mercadolivre.com.br/MLB-1416459079-molinete-shimano-new-fx-1000-fc-drag-30kg-lancamento-2020-_JM#position=3&search_layout=stack&type=item&tracking_id=ac9227ac-6224-4181-94f9-89a017a0c8f1,255,20% OFF
Tanque De Combustível Palio 96 97 98 99 00 01 A 2007 48 L,https://produto.mercadolivre.com.br/MLB-1223356943-tanque-de-combustivel-palio-96-97-98-99-00-01-a-2007-48-l-_JM#position=4&search_layout=stack&type=item&tracking_id=ac9227ac-6224-4181-94f9-89a017a0c8f1,498,0
Palmilha Em Gel Pu Acero Fina Ortopedica Para Tênis Conforto,https://produto.mercadolivre.com.br/MLB-1085489377-palmilha-em-gel-pu-acero-fina-ortopedica-para-tnis-conforto-_JM#position=5&search_layout=stack&type=item&tracking_id=ac9227ac-6224-4181-94f9-89a017a0c8f1,27,0
Molinete Shimano Sedona 4000 Xg - Drag 11kg,https://produto.mercadolivre.com.br/MLB-1255076871-molinete-shimano-sedona-4000-xg-drag-11kg-_JM#position=6&search_layout=stack&type=item&tracking_id=ac9227ac-6224-4181-94f9-89a017a0c8f1,780,0
Carretilha Montana 10000 10 Rolamentos Drag 65kgs Maruri,https://produto.mercadolivre.com.br/MLB-1351602112-carretilha-montana-10000-10-rolamentos-drag-65kgs-maruri-_JM#position=7&search_layout=stack&type=item&tracking_id=ac9227ac-6224-4181-94f9-89a017a0c8f1,209,0
Fonte Universal Carregador Notebook Laptop Cce Positivo Acer,https://produto.mercadolivre.com.br/MLB-904362515-fonte-universal-carregador-notebook-laptop-cce-positivo-acer-_JM#position=8&search_layout=stack&type=item&tracking_id=ac9227ac-6224-4181-94f9-89a017a0c8f1,38,0
Teclado Acer Aspire 3 A315-33-c39f - Br Novo Pronta Entrega,https://click1.mercadolivre.com.br/mclics/clicks/external/MLB/count?a=qGcYccCUGPhV%2BwbaIYUQwZ9iHsXrQIUSH9Ym%2BWFkK6wj5upcDZoVqnb7McQDFZ%2B%2Bm637b3NW%2FvvcQArLEKStezT6NKPaudRzCxLtRvrFX5toSloGLkhjIoQKPj2g8OYVLWbOa8c65jF%2FQehl%2BALzHX8mK8J7H5p0Qu0t7y54SVRVCqjC%2B8y%2BiC7f27zKZdN%2B5UlAnX%2Bx9zOkT3nS2klRdEEbVW3f8k3ilKVtljcOTjcvU1MqygLqCgN%2FsqiToz84cKjQ4iLHFruQ32Oyfg1ier3vIA0FRi9ewAC2HNvM2G%2Femjm%2FPuu63Izf730ZNEgk6zZ1LbGCfuDAkCPLaatBh5sWOUJKnch9qL46DQhn3HQuLZJi%2FvMLNFpfNMF%2Bg7Jtz1k5u4ugQacG7z%2FQ%2BPwDJwnLrS%2BYkmUFR5S0RplNWsnN5X9QjU1n%2BT6%2FPs%2FV6HPDSNyBF1gQLhP%2BEIvyf1A38IrIDdnuuQvVLQg%2BETE4xhXWgnFPoHUvCeEvMl1Pj5NH%2BWt7XuTIqRE%2BGKXjUG6tqZ%2Bj%2FmcMj1D0FgLrqsav%2BB2XpyXto8nBBJeTMfIjig3CX5Xx2nwZ4%2F%2BMUn%2FOCblHVgZfrM3jJfUpRRBbEiLB4szqT18toM%2FaDZ6VIu5b1l1BfCqDfTsxXvolTWGV5ib9LZ6KJ43qrr8wPnbGsx9ZDXUdSF4%2BDN8SFKzob75DfMGG%2FEmcWsFuT4BeVsGOlVSiwFVHdu22OZ7aMi4%3D&e=mclics%2Fadvertising-results-augmenter-on%2B15098%2Cmclics%2Fgtins%2B17000%2Cmclics%2Flax-top-domain%2B23442%2Cmclics%2Fsearch-list-ad-algorithm%2B16026%2Cmclics%2Frolling-layout%2B20432%2Cmclics%2Fshow-pads-search-list%2B5146%2Cmclics%2Fshow-pads-global%2B5176%2Cmclics%2Fpads-score-mla%2B17263&rb=x,58,22% OFF
Teclado Acer Aspire 3 A315-53 Séries Modelo N17c4 Ç Novo,https://click1.mercadolivre.com.br/mclics/clicks/external/MLB/count?a=uKEMLL5mu4%2FSA4xV1VyssnEuhvs17aERWWOm0oQBtBrpX3Bm5I%2B2wyCEY9jA%2FhEcBjHE03wIsQsDTh6rf4IIA%2BPC5Cru6ZBDs5XsSUdB0zscyINh24gTsGsSHnYZ6QKblZeexE3pxDW7%2B4%2F%2BR9xd4Ebyx13xYNiS4zv6swwo5pZk7nDYItdYcjrSTcyuKgVr1jFOA7xs1XiZtoQ5T1bmYrVBNH%2FgnTORHT1ny7PMCCYGDn9FSsuvQV4hrnXVcsGacN%2F8WHgEYc%2BkV9%2B%2BXYCIVaNtNoYjvCByNxcT2M1K0ajDeOwJuSPVyhGmXUQf6vdy70JiAFT4LsTi8CuvRnJNCYHq1VzNVVMo31VxuXe%2FhIbi6YpvoIOZBV09cRBgAvB8lL5e4RVZe17TS6euiZoJ434qJA6hvOu6ZxH5VSR7pplX%2FpcGBZMtAmKjkhPL7voeZBGL5mBdmM0Y694MoW72%2FRi2vc3TZyaUKD6lEpyYTDqRrQDT1b6OBalTLuuQunEDfaI8wmkg5YLiBCn5BY2cvqysvNzUh63g%2F2ushHmk74v%2FWQfXDl9q7GcepJi5OPRfkQyqJEZfBDfS312QQVmWM%2FTnHzFIxkvS4NEYeDBvJh1D8C9Drz7kWtPK%2Br4uwNKrRMfsvQhIpV8uTAz0b7oOxmGZpY1nLEqJVadMyaGYdzCjBtqtfVGwqS9G02Pn%2FHDoyKXL5ImNbwVL%2FgsDu%2BYCdvruJQHCrRBkFoJkuQ%3D%3D&e=mclics%2Fadvertising-results-augmenter-on%2B15098%2Cmclics%2Fgtins%2B17000%2Cmclics%2Flax-top-domain%2B23442%2Cmclics%2Fsearch-list-ad-algorithm%2B16026%2Cmclics%2Frolling-layout%2B20432%2Cmclics%2Fshow-pads-search-list%2B5146%2Cmclics%2Fshow-pads-global%2B5176%2Cmclics%2Fpads-score-mla%2B17263&rb=x,58,22% OFF
Corrente Kmc X10 10v Mtb Speed 116 Links Nova Caixa Original,https://produto.mercadolivre.com.br/MLB-1196594216-corrente-kmc-x10-10v-mtb-speed-116-links-nova-caixa-original-_JM#position=11&search_layout=stack&type=item&tracking_id=ac9227ac-6224-4181-94f9-89a017a0c8f1,130,13% OFF
Kit Ss Guidão De 1.1/4 Com 16 Alt. Drag Star 650 Preto,https://produto.mercadolivre.com.br/MLB-916772558-kit-ss-guido-de-114-com-16-alt-drag-star-650-preto-_JM#position=12&search_layout=stack&type=item&tracking_id=ac9227ac-6224-4181-94f9-89a017a0c8f1,1.694,0
Bateria Motobatt Yt12b-bs Mbt12b4 Xj6 Drag Star Fazer 600,https://produto.mercadolivre.com.br/MLB-1085532882-bateria-motobatt-yt12b-bs-mbt12b4-xj6-drag-star-fazer-600-_JM#position=13&search_layout=stack&type=item&tracking_id=ac9227ac-6224-4181-94f9-89a017a0c8f1,560,0
Bateria Para Notebook Acer Aspire E1-531 E1-571 Series,https://produto.mercadolivre.com.br/MLB-696262768-bateria-para-notebook-acer-aspire-e1-531-e1-571-series-_JM#position=14&search_layout=stack&type=item&tracking_id=ac9227ac-6224-4181-94f9-89a017a0c8f1,148,7% OFF
Carretilha Marine Liger 11 Rolamentos - Peso 139g Drag 6.3kg,https://produto.mercadolivre.com.br/MLB-1533553200-carretilha-marine-liger-11-rolamentos-peso-139g-drag-63kg-_JM#position=15&search_layout=stack&type=item&tracking_id=ac9227ac-6224-4181-94f9-89a017a0c8f1,859,0
Ponteira + Curva Grs Racing Cg 150 Drag Torp 4mm Curva Fina,https://produto.mercadolivre.com.br/MLB-1462408120-ponteira-curva-grs-racing-cg-150-drag-torp-4mm-curva-fina-_JM#position=16&search_layout=stack&type=item&tracking_id=ac9227ac-6224-4181-94f9-89a017a0c8f1,1.109,0
Bateria P/ Notebook Acer Aspire E1-572-6_br691 Nova Na Caixa,https://produto.mercadolivre.com.br/MLB-760812595-bateria-p-notebook-acer-aspire-e1-572-6br691-nova-na-caixa-_JM#position=17&search_layout=stack&type=item&tracking_id=ac9227ac-6224-4181-94f9-89a017a0c8f1,151,5% OFF
Bateria Notebook Acer Aspire 5733 Pew71 100% Nova Na Caixa,https://produto.mercadolivre.com.br/MLB-768868108-bateria-notebook-acer-aspire-5733-pew71-100-nova-na-caixa-_JM#position=18&search_layout=stack&type=item&tracking_id=ac9227ac-6224-4181-94f9-89a017a0c8f1,151,5% OFF
Pastilha Freio Dianteiro Xvs 650 Drag Star 2000-2007 Potenza,https://click1.mercadolivre.com.br/mclics/clicks/external/MLB/count?a=2nKJRjJ2d0Wl9qv0TVM449c666vdajc7XlqoYCq3gUZh5arAcJuagOXSS2QbSF20TpUkq4YM771noCAq%2FmLoOg4Eg1uPpBeKPcwuCc0iiOuV8Tsb3JB7xtKO62v5AfoW5l%2FFIJlrkaOXjV3cRURGcb%2FSIDSsjrwKiFIkJBwlvHhALWyXAw5niGGk2AcP7%2BHepbg%2BX0eOeugOGqJ%2FionWNn7lvKrED89BvoNoEa1ywmnoOPH1eIsjYqulLI4D%2FNhGKVyeuHnzqERgFtpKdEBpMqr7MtcwvJlhfo8clXc6OqCK1dofDchYtPrvTKW5s0m5GYbfb8R3uQyn%2FjWXvnS1v1hPiuajJ1x2DAypD%2BNmIY1sR7qZvKnkLxI07BQibAOuQ8hFYINnPQM0XNdvqsgdH3QYKXx9R%2BpRTx60IzEmJS4Sy1MjzaoL9qK3%2FSJZOs4PdTULJc5YPeScpmK%2FI83kFEF4Ad6mUuLTenXzou2ZIt%2Bs%2F%2FgbhZJ3wHVnPe3c01zl%2B%2BQOYR4xhPaV20yIXrfEC1YaKWwMPD1Z17YGRDrz7bslkUaW6mqkH%2FqVdr9bg4TaTvxHxwohodyQU54y2aiJkPCOS1280sLSwiCeduQfuyqnRcsnQzVzjwBNmhUil87AR9JGy2oOcMgj6iKmOeU4qJk1nj0jhqFcfz%2B176Qbu9vwZPpPnyVYi6%2FHjjefxB0eKJ0O%2BmpFMHS46FxJZJTGJTy9fbjr%2FJc%2Bl5LsC%2B7YHA%3D%3D&e=mclics%2Fadvertising-results-augmenter-on%2B15098%2Cmclics%2Fgtins%2B17000%2Cmclics%2Flax-top-domain%2B23442%2Cmclics%2Fsearch-list-ad-algorithm%2B16026%2Cmclics%2Frolling-layout%2B20432%2Cmclics%2Fshow-pads-search-list%2B5146%2Cmclics%2Fshow-pads-global%2B5176%2Cmclics%2Fpads-score-mla%2B17263&rb=x,129,0
Pneu Tras. 170/80-15 Metzeler Me888 Shadow 600 Drag Star 650,https://click1.mercadolivre.com.br/mclics/clicks/external/MLB/count?a=WuiU05FTtYXHEykzheSGwcHlTfIHQR3mE3MF4BCgh9XdLq%2FXx2wB8P4c89xYfxTH1NnwezNd1HsJWUPp2fE5sQyWf0sLrQODkWwZNMzNKXVDrDyJd7gfFUNXAZ8K2A5qaWMKAq0GZuOjOQbCFHFDoijLGsD%2BkLykZuDG9VwWN%2FYhJpSICutFUzVBE%2B37%2B6MUbukIjsBCdqSkv7orNQtK%2F5gFv%2Bjm5P0XpHkW8gjkuVS2iHeMpRya8wZ8UusOwMiCoNdq%2FXWZschD5ZrugFyvqdpmyVqhQPzZcCM24ix9pqX6HaR1pBqPP5LRM%2Bsjjvy4ixjY6AS9%2BR0dm2MTuAR9JLM%2FLmrb55HWE950hjU8DbNRUPH6NHy9OnckpkyC7C9RFz8f6aNlYquMBsIzqLCuNd2v%2FqIIq2v1jLiIfJtqFWl6KoPrBQmPwluii%2BHSWgpTwFiLUCwoKhCAP%2FhH%2BNkktzj5svVdnfYJ3Lecc%2BaERFFDxJ3HZY46xcu5PXRg5dIaSFMdNLzNNR95A40T9ujIAhqU5WS5gCu%2FsUBIgENJ0GFH6pZXoMF7cgXORQZa9PxYmgCZocfBpgbg3v7HNWO9CTt3%2Bk6xmj%2Ba1mmCRgz008BzfmVGNaGGZXWSuyjNVwq35KkX224sjsL5EJBE3zmYkW2mTmpOo8j9ySra6IRMe4xs1%2FRzieZeJIdkL3fqxAsXNpHatUZiYxlkSbzwdGc0kxPzNpe7nJkMXI4%3D&e=mclics%2Fadvertising-results-augmenter-on%2B15098%2Cmclics%2Fgtins%2B17000%2Cmclics%2Flax-top-domain%2B23442%2Cmclics%2Fsearch-list-ad-algorithm%2B16026%2Cmclics%2Frolling-layout%2B20432%2Cmclics%2Fshow-pads-search-list%2B5146%2Cmclics%2Fshow-pads-global%2B5176%2Cmclics%2Fpads-score-mla%2B17263&rb=x,1.766,0
Escapamento Cobra Jj Yamaha Dragstar 650 Drag Star 650,https://produto.mercadolivre.com.br/MLB-1002130604-escapamento-cobra-jj-yamaha-dragstar-650-drag-star-650-_JM#position=21&search_layout=stack&type=item&tracking_id=ac9227ac-6224-4181-94f9-89a017a0c8f1,1.998,10% OFF
Escapamento Acs Drag Star 650 Esportivo,https://produto.mercadolivre.com.br/MLB-898905117-escapamento-acs-drag-star-650-esportivo-_JM#position=22&search_layout=stack&type=item&tracking_id=ac9227ac-6224-4181-94f9-89a017a0c8f1,1.599,0
4 Suportes Para Taças Cromado Decoração Bar Vinho 25 Cm,https://produto.mercadolivre.com.br/MLB-1119917820-4-suportes-para-tacas-cromado-decoraco-bar-vinho-25-cm-_JM#position=23&search_layout=stack&type=item&tracking_id=ac9227ac-6224-4181-94f9-89a017a0c8f1,61,0
Palmilha Acero Em Gel Ortopédica Macia Confortável Forrada,https://produto.mercadolivre.com.br/MLB-868438527-palmilha-acero-em-gel-ortopedica-macia-confortavel-forrada-_JM#position=24&search_layout=stack&type=item&tracking_id=ac9227ac-6224-4181-94f9-89a017a0c8f1,22,0
